Lat,Lng,Temperature,Cloudiness,Country,Date,Humidity,Temperature Max,Wind Speed,City Number,City Name
31.2089,16.5887,61.03,98,LY,1615683886,64,61.03,13.42,2210554,Sirte
-23.1203,-134.9692,80.51,37,PF,1615683886,73,80.51,8.7,4030556,Rikitea
64.2539,-15.2082,35.08,99,IS,1615683886,55,35.08,10.13,2630299,Hofn
-22.2953,-53.2711,75.78,37,BR,1615683887,70,75.78,3.83,3470338,Bataiporã
34.5667,76.1,8.96,100,IN,1615683887,73,8.96,1.34,1267776,Kargil
-24.8667,113.6333,89.6,36,AU,1615683888,51,89.6,16.11,2074865,Carnarvon
-33.65,115.3333,61.23,0,AU,1615683803,66,62.01,5.99,2075265,Busselton
-20.3167,118.5667,84.2,100,AU,1615683888,70,84.2,19.57,2063042,Port Hedland
-3.2003,-59.8119,76.12,20,BR,1615683888,94,77.0,2.3,3402920,Careiro da Várzea
48.4167,-2.25,39.06,90,FR,1615683889,87,39.2,9.22,3021353,Arrondissement de Dinan
20.5022,-10.0711,67.15,0,MR,1615683889,17,67.15,8.86,2381972,Adrar
39.05,-27.9833,60.31,100,PT,1615683890,85,60.31,27.78,3372964,Lagoa
65.282,-126.8329,-2.2,75,CA,1615683890,60,-2.2,2.3,6089245,Norman Wells
59.7035,30.7861,34.84,75,RU,1615683890,87,36.0,6.71,546105,Nikolskoye
39.2667,141.8833,44.6,75,JP,1615683891,65,44.6,14.97,2112444,Kamaishi
34.6391,-120.4579,49.87,75,US,1615683593,66,53.6,11.5,5367788,Lompoc
12.1844,18.693,77.58,0,TD,1615683891,16,77.58,2.17,2427637,Mongo
-46.6,168.3333,73.99,62,NZ,1615683892,44,73.99,11.99,2206939,Bluff
65.5833,-171.0,15.69,100,RU,1615683892,78,15.69,17.18,4031637,Lavrentiya
-28.65,153.6167,82.47,40,AU,1615683892,65,82.99,9.22,2172880,Byron Bay
-17.4961,-149.8729,89.6,20,PF,1615683893,62,89.6,4.61,4033910,Papetoai
-2.5744,150.7967,84.69,58,PG,1615683893,60,84.69,2.24,2094342,Kavieng
-28.783,32.0377,73.78,0,ZA,1615683880,81,73.78,12.15,962367,Richards Bay
42.6001,-73.9662,32.56,3,US,1615683880,44,34.0,3.98,5106841,Albany
-46.1927,168.8643,73.99,9,NZ,1615683894,44,73.99,11.99,6201424,Mataura
50.1018,136.5094,27.12,90,RU,1615683894,92,27.12,8.12,2024449,Elban
21.6422,69.6093,73.42,0,IN,1615683894,65,73.42,12.21,1259395,Porbandar
-19.0047,-57.6017,78.53,85,BR,1615683895,67,78.53,3.11,3459352,Ladário
0.5412,123.0595,85.91,88,ID,1615683895,71,85.91,0.38,1643837,Gorontalo
-23.7781,-45.3581,76.71,41,BR,1615683770,93,76.71,7.16,3461425,Ilhabela
11.2833,-15.8333,78.08,99,GW,1615683897,61,78.08,9.64,2374583,Bubaque
60.8953,131.9608,19.36,100,RU,1615683897,86,19.36,12.37,2027786,Amga
-34.4187,19.2345,64.0,97,ZA,1615683897,94,64.0,1.99,3366880,Hermanus
-10.0,39.7167,73.4,20,TZ,1615683898,94,73.4,6.91,878281,Lindi
18.9048,-3.5265,70.2,74,ML,1615683898,37,70.2,11.1,2460954,Araouane
-21.2,-175.2,80.6,40,TO,1615683898,78,80.6,8.05,4032243,Vaini
55.3422,-131.6461,32.0,90,US,1615683899,93,32.0,6.91,5554428,Ketchikan
27.8964,102.2634,59.18,0,CN,1615683899,51,59.18,1.61,1789647,Xichang
14.8961,-24.4956,70.23,0,CV,1615683900,75,70.23,5.91,3374210,São Filipe
59.3232,13.4655,28.4,75,SE,1615683900,100,28.4,3.44,2677456,Skoghall
69.4541,-133.0374,-9.4,90,CA,1615683900,84,-9.4,4.61,6170031,Tuktoyaktuk
-42.8794,147.3294,58.28,0,AU,1615683901,36,59.0,18.41,2163355,Hobart
-0.7393,-90.3518,79.0,100,EC,1615683901,89,79.0,4.0,3652764,Puerto Ayora
29.5833,-9.5,62.64,100,MA,1615683904,54,62.64,0.76,2527087,Tiznit Province
26.1842,127.7558,68.49,75,JP,1615683904,46,69.8,6.91,1855342,Nishihara
-9.8607,124.284,75.79,100,ID,1615683904,77,75.79,0.74,1626703,Soe
-53.15,-70.9167,46.4,40,CL,1615683761,53,46.4,12.66,3874787,Punta Arenas
11.6667,92.75,77.0,40,IN,1615683905,83,77.0,7.54,1259385,Port Blair
71.6872,128.8694,-0.08,100,RU,1615683905,88,-0.08,6.13,2015306,Tiksi
59.1167,31.6833,33.35,100,RU,1615683906,97,33.35,8.32,567774,Chudovo
69.4058,86.1778,-11.43,100,RU,1615683906,96,-11.43,12.66,1507116,Dudinka
39.6731,33.6136,37.06,100,TR,1615683906,48,37.06,1.57,308024,Keskin
10.1483,-85.452,80.6,0,CR,1615683907,54,80.6,21.85,3622716,Nicoya
68.0546,166.4372,-3.12,100,RU,1615683908,94,-3.12,4.9,2126682,Bilibino
32.25,67.25,46.6,7,AF,1615683908,78,46.6,6.51,1121143,Zabul Province
-43.3002,-65.1023,61.81,53,AR,1615683908,74,61.81,22.41,3839307,Rawson
-9.8,-139.0333,79.56,0,PF,1615683909,62,79.56,5.61,4020109,Atuona
-11.3,35.0333,60.4,42,TZ,1615683909,95,60.4,4.07,877384,Tingi
55.7435,-97.8558,15.8,20,CA,1615683610,53,15.8,9.22,6165406,Thompson
65.441,52.1498,16.57,93,RU,1615683910,95,16.57,6.33,477940,Ust-Tsilma
-21.2078,-159.775,84.2,0,CK,1615683910,70,84.2,5.75,4035715,Avarua
46.6166,10.7002,35.73,90,IT,1615683910,80,39.0,2.3,3175096,Laas
22.2855,114.1577,66.2,72,HK,1615683708,81,69.01,4.0,1819729,Hong Kong
47.5272,52.9811,16.57,100,KZ,1615683911,59,16.57,8.21,610023,Dossor
43.3218,129.7634,43.74,0,CN,1615683911,62,43.74,2.82,2034221,Wangqing
40.4833,21.55,42.8,0,GR,1615683912,70,42.8,4.61,736324,Empório
3.0707,172.7902,80.8,92,KI,1615683912,79,80.8,10.83,2110227,Butaritari
-33.9258,18.4232,65.64,75,ZA,1615683912,94,66.0,6.91,3369157,Cape Town
22.5667,59.5289,78.57,0,OM,1615683913,33,78.57,14.76,286245,Sur
-32.2522,24.5308,77.4,89,ZA,1615683913,43,77.4,2.15,1000543,Graaff-Reinet
53.3668,-104.0009,33.8,1,CA,1615683913,69,33.8,2.3,6088469,Nipawin
7.7669,-72.225,77.0,40,VE,1615683914,69,77.0,4.61,3628473,San Cristobal
-8.8368,13.2343,80.6,40,AO,1615683776,89,80.6,3.44,2240449,Luanda
-22.116,14.2845,63.0,0,NA,1615683914,94,63.0,3.0,3356832,Henties Bay
50.6789,156.125,31.91,92,RU,1615683915,94,31.91,21.54,2121385,Severo-Kuril'sk
69.7008,170.3133,-2.76,100,RU,1615683915,95,-2.76,4.88,2122090,Pevek
-46.2817,169.8464,64.99,0,NZ,1615683915,71,64.99,8.01,2208248,Kaitangata
-20.3297,-40.2925,76.12,0,BR,1615683916,88,77.0,3.44,3445026,Vila Velha
52.6958,6.1944,41.7,100,NL,1615683916,84,42.01,1.99,2750947,Meppel
24.3448,124.1572,68.0,75,JP,1615683916,64,68.0,10.36,1861416,Ishigaki
-5.1989,-35.4608,80.6,20,BR,1615683917,69,80.6,9.22,3386213,Touros
-10.4056,-36.4344,78.8,0,BR,1615683917,77,78.8,11.52,3454005,Piaçabuçu
-19.55,169.2667,82.4,75,VU,1615683918,74,82.4,13.8,2136825,Isangel
-38.0023,-57.5575,66.42,0,AR,1615683918,82,68.0,10.51,3430863,Mar del Plata
62.2266,-6.589,41.0,75,FO,1615683919,87,41.0,26.46,2618795,Klaksvík
34.1667,77.5833,19.72,100,IN,1615683919,58,19.72,0.34,1264976,Leh
-34.75,149.7167,50.16,100,AU,1615683919,94,51.01,11.32,2164837,Goulburn
-20.0064,57.6608,77.0,100,MU,1615683920,83,77.0,4.0,934479,Grand Gaube
72.7868,-56.1549,-5.71,100,GL,1615683920,99,-5.71,4.54,3418910,Upernavik
-12.9025,45.0761,78.8,0,YT,1615683920,89,78.8,2.3,1090467,Boueni
-22.9661,-42.0278,77.0,100,BR,1615683921,86,77.0,13.22,3471451,Arraial do Cabo
-20.2833,44.2833,77.67,0,MG,1615683921,72,77.67,11.16,1058381,Morondava
14.9709,8.8879,77.72,0,NE,1615683922,16,77.72,12.75,2439155,Tanout
-34.5322,20.0403,66.2,88,ZA,1615683922,88,66.2,9.22,1015776,Bredasdorp
37.3859,14.3672,47.84,3,IT,1615683922,92,48.99,2.15,2523796,Piazza Armerina
-5.8092,-61.3003,73.47,100,BR,1615683923,97,73.47,3.83,3663503,Manicoré
-2.8856,-40.12,77.92,97,BR,1615683923,86,77.92,8.61,3408368,Acaraú
-35.35,150.4667,55.06,90,AU,1615683923,100,57.2,16.11,2145554,Ulladulla
38.5167,-28.7,61.84,100,PT,1615683924,85,61.84,26.89,3372707,Ribeira Grande
9.5334,31.6605,83.7,16,SS,1615683924,29,83.7,3.49,370737,Malakal
41.3712,-73.414,39.34,1,US,1615683666,24,42.8,5.75,5282297,Bethel
52.4168,-108.7014,37.4,1,CA,1615683925,70,37.4,13.8,6182001,Wilkie
32.6667,-17.1,53.56,100,PT,1615683925,72,57.0,1.01,2264557,Ponta do Sol
-41.8697,-73.8203,51.31,0,CL,1615683925,87,53.01,2.3,3899695,Ancud
44.5263,-109.0565,44.31,75,US,1615683860,33,44.6,11.5,5821593,Cody
62.456,-114.3525,-0.13,90,CA,1615683926,71,0.0,4.61,6185377,Yellowknife
34.4816,41.9093,52.43,0,IQ,1615683926,57,52.43,3.56,92004,Rāwah
-29.4667,149.85,73.4,90,AU,1615683927,83,73.4,8.05,2156927,Moree
42.9744,140.5089,41.41,100,JP,1615683927,72,41.41,4.34,2129868,Iwanai
33.6103,-114.5964,67.17,1,US,1615683927,16,69.8,9.22,5329649,Blythe
41.0586,-94.3614,52.57,90,US,1615683928,47,53.6,10.36,4853078,Creston
64.8569,-147.8028,6.91,1,US,1615683928,43,9.0,2.51,5859699,College
-23.35,47.6,74.05,78,MG,1615683928,90,74.05,7.16,1054329,Vangaindrano
42.097,-79.2353,31.86,1,US,1615683883,47,34.0,9.4,5122534,Jamestown
22.0752,-159.319,69.66,90,US,1615683929,88,73.0,27.63,5848280,Kapaa
-9.3727,30.125,60.58,96,ZM,1615683929,96,60.58,3.42,175967,Mporokoso
-54.8,-68.3,44.6,75,AR,1615683930,65,44.6,18.41,3833367,Ushuaia
31.1241,-97.9031,71.8,90,US,1615683921,68,72.0,24.16,4683244,Copperas Cove
20.4,78.1333,71.51,0,IN,1615683930,29,71.51,0.78,1252770,Yavatmal
49.2311,13.5202,31.75,98,CZ,1615683931,88,37.0,4.0,3064662,Sušice
-33.918,25.5701,71.6,40,ZA,1615683930,68,71.6,8.05,964420,Port Elizabeth
60.7167,-46.0333,26.6,75,GL,1615683931,54,26.6,3.44,3420846,Qaqortoq
49.4867,105.9228,27.48,100,MN,1615683932,65,27.48,26.55,2031964,Darhan
36.6777,-121.6555,52.68,90,US,1615683932,66,53.6,12.66,5391295,Salinas
-16.4833,-151.75,83.26,0,PF,1615683932,74,83.26,12.37,4034551,Faanui
36.6167,101.7667,46.87,100,CN,1615683933,26,46.87,2.01,1788852,Xining
37.1041,-113.5841,48.51,1,US,1615683933,57,50.0,3.44,5546220,Saint George
-17.397,32.2268,59.76,44,ZW,1615683934,89,59.76,3.09,884927,Mutoko
-25.4,-70.4833,65.91,29,CL,1615683934,87,65.91,4.7,3870243,Taltal
-20.3428,57.7575,78.89,75,MU,1615683934,83,80.6,8.05,1106677,Bambous Virieux
43.3236,145.575,35.6,75,JP,1615683935,60,35.6,11.5,2128975,Nemuro
60.7522,-137.5108,6.8,100,CA,1615683935,43,6.8,14.97,5969025,Haines Junction
22.8909,-109.9124,66.38,1,MX,1615683829,68,66.99,8.05,3985710,Cabo San Lucas
48.9667,13.1333,34.56,100,DE,1615683936,88,39.99,15.5,2849495,Regen
-30.1811,-50.2056,73.81,1,BR,1615683937,86,73.81,10.76,3466165,Cidreira
57.6935,71.1665,8.87,82,RU,1615683937,97,8.87,5.23,1488206,Ust'-Ishim
46.5389,138.3297,38.88,100,RU,1615683937,61,38.88,7.09,2015852,Svetlaya
64.3833,-173.3,22.57,100,RU,1615683938,94,22.57,28.61,4031574,Provideniya
50.6996,-127.4199,46.4,90,CA,1615683938,87,46.4,12.66,6111862,Port Hardy
-0.9492,100.3543,75.2,40,ID,1615683938,94,75.2,2.3,1633419,Padang
59.6304,39.736,23.97,100,RU,1615683939,94,23.97,8.46,477846,Ust'ye
42.4308,130.6434,44.83,0,RU,1615683939,62,44.83,10.76,2039557,Khasan
63.7506,-68.5145,-18.2,75,CA,1615683940,69,-18.0,13.8,5983720,Iqaluit
4.9333,-52.3333,75.09,75,GF,1615683940,94,75.2,6.91,3382160,Cayenne
47.766,-116.7866,52.39,1,US,1615683901,33,55.4,2.86,5595320,Hayden
42.7762,-9.0603,45.1,10,ES,1615683941,95,46.0,7.63,3115824,Muros
-33.5906,26.891,72.0,79,ZA,1615683941,77,72.0,5.01,964432,Port Alfred
-33.0153,27.9116,74.43,0,ZA,1615683941,78,74.43,13.24,1006984,East London
-13.8833,167.55,80.6,90,VU,1615683677,89,80.6,10.85,2134814,Sola
61.994,-49.6678,17.58,100,GL,1615683942,51,17.58,8.28,3421193,Paamiut
-17.7125,-39.2481,75.31,0,BR,1615683942,86,75.31,5.01,3466980,Caravelas
0.6766,-76.8771,72.41,93,CO,1615683943,89,72.41,2.24,3829343,Orito
19.7297,-155.09,67.5,90,US,1615683840,83,69.8,5.75,5855927,Hilo
71.2906,-156.7887,-4.0,1,US,1615683924,71,-4.0,14.97,5880054,Barrow
21.85,111.9667,71.56,8,CN,1615683943,77,71.56,6.55,1806408,Yangjiang
57.79,-152.4072,33.8,1,US,1615683944,23,33.8,14.97,5866583,Saint Paul Harbor
18.0667,-63.0833,76.42,20,MF,1615683944,73,77.0,3.44,3578851,Marigot
49.2333,-102.1676,37.99,0,CA,1615683944,56,37.99,4.0,6095751,Oxbow
70.6333,147.9167,-14.6,0,RU,1615683935,87,-14.6,3.6,2126123,Chokurdakh
43.801,87.6005,24.8,75,CN,1615683683,80,24.8,8.95,1529102,Ürümqi
16.4145,-3.6708,70.27,0,ML,1615683945,36,70.27,7.72,2456917,Goundam
-1.6,103.6167,76.3,100,ID,1615683946,90,76.3,1.81,1642858,Jambi City
44.2519,-85.4012,42.8,1,US,1615683946,49,42.8,9.22,4987617,Cadillac
37.5128,-8.7071,48.99,0,PT,1615683946,81,48.99,10.0,2263207,São Teotónio
71.9167,114.0833,-8.86,100,RU,1615683947,94,-8.86,13.15,2017155,Saskylakh
66.8333,70.8333,4.98,100,RU,1615683947,91,4.98,9.69,1486321,Yar-Sale
-45.8667,-67.5,55.4,0,AR,1615683947,71,55.4,5.75,3860443,Comodoro Rivadavia
37.7167,-25.4333,59.0,75,PT,1615683948,100,59.0,17.27,3372472,Vila Franca do Campo
-22.8167,47.8333,74.71,39,MG,1615683948,88,74.71,8.03,1065158,Farafangana
-39.0333,-67.5833,71.6,0,AR,1615683948,53,71.6,2.3,3855065,General Roca
16.8634,-99.8901,80.6,20,MX,1615683949,78,80.6,6.91,3533462,Acapulco de Juárez
-33.8667,121.9,60.8,79,AU,1615683949,63,60.8,6.91,2071860,Esperance
-7.6142,-72.8958,73.18,84,BR,1615683949,95,73.18,1.86,3663516,Mâncio Lima
-14.4547,-56.8028,73.72,100,BR,1615683950,96,73.72,4.16,3456248,Nortelândia
71.9667,102.5,-19.52,78,RU,1615683950,94,-19.52,11.83,2022572,Khatanga
48.8125,103.5347,40.24,100,MN,1615683951,55,40.24,25.7,2032201,Bulgan
6.2262,-77.4044,78.17,37,CO,1615683951,83,78.17,4.21,3689325,Bahía Solano
66.7131,27.4306,21.02,100,FI,1615683951,96,21.02,3.33,653272,Kemijärvi
12.2188,125.4808,80.35,42,PH,1615683952,82,80.35,1.92,1731248,Alugan
4.1363,96.1285,77.16,51,ID,1615683952,83,77.16,3.69,1214488,Meulaboh
-6.4111,-48.5364,73.2,0,BR,1615683952,95,73.2,1.03,3384940,Xambioá
36.7417,-88.6367,53.82,90,US,1615683953,66,55.0,5.75,4300105,Mayfield
1.487,124.8455,82.4,20,ID,1615683659,74,82.4,2.3,1636544,Manado
6.1241,81.1185,73.4,20,LK,1615683953,100,73.4,3.44,1244926,Hambantota
42.9075,129.5078,45.66,0,CN,1615683955,52,45.66,6.58,2033467,Yanji
48.921,34.9156,35.29,90,UA,1615683955,87,35.6,6.71,702356,Mahdalynivka
64.2273,27.7285,30.2,90,FI,1615683955,93,30.2,8.05,654899,Kajaani
16.4821,78.3247,65.8,95,IN,1615683956,52,65.8,2.55,1262230,Nāgar Karnūl
-42.7826,147.0587,58.01,0,AU,1615683956,35,59.0,7.0,2155415,New Norfolk
-2.6741,141.3028,86.05,90,PG,1615683956,68,86.05,3.0,2084442,Vanimo
35.7333,140.8333,58.08,20,JP,1615683957,41,59.0,19.57,2112802,Hasaki
-33.6971,-53.4616,61.88,0,UY,1615683958,76,61.88,5.68,3443061,Chui
-40.8135,-62.9967,67.96,0,AR,1615683959,47,67.96,5.97,3832899,Viedma
38.421,-121.4238,60.58,1,US,1615683908,55,62.01,10.36,5364271,Laguna
69.3,139.9,-18.98,0,RU,1615683959,79,-18.98,2.57,2028164,Deputatsky
-36.8927,-60.3225,72.14,69,AR,1615683960,40,72.14,5.41,3842670,Olavarría
-38.2667,141.9667,59.74,80,AU,1615683960,49,59.74,12.37,2171099,Codrington
-29.9533,-71.3436,60.8,0,CL,1615683940,88,60.8,5.75,3893629,Coquimbo
-37.6167,-73.65,55.8,0,CL,1615683961,87,55.8,6.08,3883457,Lebu
-21.5667,165.4833,83.05,100,NC,1615683961,56,83.05,5.35,2141714,Bourail
68.0531,39.5131,11.68,91,RU,1615683962,92,11.68,10.42,556268,Ostrovnoy
70.4692,-68.5914,-5.8,75,CA,1615683962,84,-5.8,20.71,5924351,Clyde River
-34.7333,135.8667,59.72,100,AU,1615683962,51,59.72,8.57,2063036,Port Lincoln
47.6666,-52.7314,31.95,90,CA,1615683798,86,33.01,18.41,6167817,Torbay
43.4065,-124.2243,51.06,90,US,1615683963,71,51.8,6.91,5742974,North Bend
-20.7333,139.5,86.0,0,AU,1615683963,51,86.0,12.66,2065594,Mount Isa
54.8097,105.1578,10.74,100,RU,1615683964,88,10.74,18.25,2012532,Zhigalovo
13.2167,-59.5167,78.8,40,BB,1615683669,69,78.8,10.36,3374083,Bathsheba
78.2186,15.6401,5.0,75,SJ,1615683805,61,5.0,11.5,2729907,Longyearbyen
16.6362,1.637,70.75,0,ML,1615683964,29,70.75,10.11,2457161,Gao
33.1222,46.1646,56.23,0,IR,1615683965,54,56.23,4.97,124291,Mehrān
21.4612,-71.1419,76.21,0,TC,1615683965,75,76.21,19.35,3576994,Cockburn Town
5.3833,-52.95,77.59,100,GF,1615683965,88,77.59,12.06,3380290,Sinnamary
5.0314,25.1361,68.68,100,CF,1615683966,96,68.68,3.38,235826,Zemio
46.95,24.05,34.84,0,RO,1615683966,86,36.0,3.44,665628,Ţaga
-9.5972,-35.9567,75.2,20,BR,1615683928,88,75.2,4.61,3392126,Pilar
65.6145,-37.6368,24.8,75,GL,1615683967,86,24.8,28.77,3424607,Tasiilaq
26.326,43.975,59.0,4,SA,1615683967,51,59.0,4.61,107304,Buraidah
5.4112,100.3354,77.49,20,MY,1615683967,88,80.6,2.3,1735106,George Town
9.3503,-65.3245,77.67,100,VE,1615683968,73,77.67,6.4,3625066,Zaraza
60.4167,134.5333,23.83,100,RU,1615683968,86,23.83,13.51,2013918,Ust-Maya
5.1367,-5.0242,79.3,100,CI,1615683968,85,79.3,10.85,2288105,Grand-Lahou
58.8053,-122.7002,3.2,90,CA,1615683969,72,3.2,10.36,5955902,Fort Nelson
63.4427,-20.2734,30.83,100,IS,1615683792,65,30.83,16.28,3412093,Vestmannaeyjar
-29.8867,-50.2697,70.52,15,BR,1615683781,94,70.52,4.79,3455769,Osório
19.7578,-72.2042,75.51,15,HT,1615683969,79,75.51,14.5,3728474,Cap-Haïtien
6.2679,21.2247,75.56,100,CF,1615683970,66,75.56,4.29,238566,Ippy
-5.8833,35.2333,68.0,0,TZ,1615683970,83,68.0,11.5,157247,Kintinku
16.2923,119.8062,78.24,100,PH,1615683970,72,78.24,8.21,1717787,Catuday
15.85,-97.0667,80.6,40,MX,1615683971,69,80.6,5.75,3520994,Puerto Escondido
60.9167,-46.05,26.6,75,GL,1615683792,54,26.6,3.44,3421719,Narsaq
-37.8333,140.7667,59.0,40,AU,1615683971,51,59.0,8.05,2156643,Mount Gambier
9.1769,105.15,81.39,99,VN,1615683972,66,81.39,10.11,1586443,Ca Mau
8.55,-79.8667,75.99,25,PA,1615683972,45,75.99,5.01,3703839,Nueva Gorgona
-8.9266,125.4092,70.81,27,TL,1615683972,77,70.81,0.67,1651810,Airai
52.6083,1.7305,40.66,75,GB,1615683973,81,41.0,14.97,2647984,Great Yarmouth
-21.3585,55.7679,73.54,0,RE,1615683973,69,77.0,6.91,935215,Saint-Philippe
9.9399,76.2602,77.0,40,IN,1615683973,88,77.0,2.3,1273874,Kochi
60.4667,166.1,4.06,100,RU,1615683974,79,4.06,16.82,2120591,Tilichiki
5.7947,0.8973,84.2,40,GH,1615683974,74,84.2,10.36,2304548,Anloga
-24.7911,-50.0119,65.64,57,BR,1615683974,86,65.64,4.03,3466704,Castro
-5.4,-80.75,83.12,39,PE,1615683975,51,83.12,16.4,3695466,La Unión
69.4865,88.3972,-21.64,100,RU,1615683975,98,-21.64,9.24,1490256,Talnakh
58.0728,93.0344,7.86,100,RU,1615683976,89,7.86,12.8,1490805,Strelka
-37.8068,144.8916,62.28,90,AU,1615683976,55,66.0,14.97,7281807,Seddon
57.0531,-135.33,33.8,20,US,1615683977,60,33.8,13.8,5557293,Sitka
77.484,-69.3632,-1.34,100,GL,1615683978,63,-1.34,7.83,3831208,Qaanaaq
-34.6534,-58.6198,74.32,0,AR,1615683978,63,75.0,3.0,3430545,Morón
43.3665,-124.2179,51.04,90,US,1615683840,71,51.8,6.91,5720495,Coos Bay
18.2164,42.5053,63.45,0,SA,1615683979,31,64.4,0.47,110690,Abhā
5.9667,80.4167,75.18,100,LK,1615683979,87,75.18,5.86,1223738,Weligama
-19.1667,-64.9167,46.4,46,BO,1615683979,88,46.4,3.51,3903391,Tarabuco
24.6877,46.7219,58.32,99,SA,1615683980,31,59.0,5.88,108410,Riyadh
40.4821,-3.36,40.93,0,ES,1615683980,75,46.99,2.3,3130616,Alcalá de Henares
65.8167,87.9833,-24.68,100,RU,1615683981,96,-24.68,12.17,1488903,Turukhansk
0.5167,25.2,70.21,100,CD,1615683981,95,70.21,1.68,212730,Kisangani
16.5167,-98.75,78.44,0,MX,1615683981,74,78.44,6.06,3516171,Barra de Tecoanapa
29.9697,40.2064,53.6,0,SA,1615683982,47,53.6,5.75,102527,Sakakah
40.8,-96.667,45.88,90,US,1615683792,87,46.99,12.66,5072006,Lincoln
-10.1667,123.5833,82.4,20,ID,1615683982,83,82.4,3.44,2057087,Kupang
41.7597,86.1469,46.15,48,CN,1615683983,41,46.15,1.88,1529376,Korla
27.9167,96.1667,66.88,95,IN,1615683983,83,66.88,0.4,1254709,Tezu
20.75,-105.3333,74.14,20,MX,1615683782,69,75.2,11.5,4016734,Bucerías
9.4942,50.8122,77.88,99,SO,1615683983,75,77.88,8.21,64814,Bandarbeyla
51.1537,37.8879,32.95,100,RU,1615683984,97,32.95,8.86,487928,Novikovo
37.5683,126.9778,44.6,40,KR,1615683984,87,44.6,4.61,1835848,Seoul
62.6667,135.6,10.13,100,RU,1615683984,92,10.13,3.6,2022773,Khandyga
41.1231,80.2644,48.36,100,CN,1615683985,34,48.36,5.3,1529660,Aksu
42.1282,59.671,13.08,0,TM,1615683985,61,15.8,4.61,601661,Boldumsaz
-9.6658,-35.7353,75.2,20,BR,1615683986,88,75.2,4.61,3395981,Maceió
62.0989,126.6992,13.14,93,RU,1615683986,89,13.14,9.13,2026861,Berdigestyakh
45.1833,24.7167,33.35,19,RO,1615683986,90,33.35,2.91,663733,Valea Iaşului
-8.145,159.5921,84.74,95,SB,1615683987,67,84.74,4.83,2109528,Buala
54.4299,31.8996,33.35,100,RU,1615683987,98,33.35,8.05,525426,Sobolevo
-13.2325,30.2352,62.35,100,ZM,1615683987,98,62.35,6.8,898912,Serenje
-0.9,-89.6,78.28,60,EC,1615683766,79,78.28,6.38,3652758,Puerto Baquerizo Moreno
-23.1333,150.7333,86.0,40,AU,1615683988,51,86.0,5.75,2142316,Yeppoon
49.1168,-68.399,19.4,90,CA,1615683988,35,19.4,9.22,5922281,Chute-aux-Outardes
-20.4081,57.7,80.6,75,MU,1615683988,83,80.6,8.05,934322,Mahébourg
22.6925,70.306,73.4,0,IN,1615683989,60,73.4,2.3,1272699,Jodiya
-20.2333,164.0167,80.64,100,NC,1615683989,70,80.64,11.21,2138555,Poum
62.55,155.55,-8.52,51,RU,1615683990,90,-8.52,5.17,2125906,Dukat
-14.4086,-56.4461,73.58,100,BR,1615683990,94,73.58,6.67,3464724,Diamantino
-38.9516,-68.0591,71.6,0,AR,1615683990,53,71.6,2.3,3843123,Neuquén
50.0163,-125.2446,50.74,90,CA,1615683991,46,51.8,18.41,5914132,Campbell River
49.4938,0.1077,43.05,75,FR,1615683991,70,44.6,20.71,3003796,Le Havre
-1.195,-46.02,75.72,77,BR,1615683991,92,75.72,4.5,3402648,Carutapera
-12.3833,16.9333,57.61,27,AO,1615683734,92,57.61,2.82,3348078,Kuito
0.6,-80.0333,77.65,100,EC,1615683913,85,77.65,2.91,3653967,Muisne
-20.5167,57.5167,80.6,75,MU,1615683992,83,80.6,8.05,933995,Souillac
-19.0595,-169.9187,82.4,96,NU,1615683993,78,82.4,9.22,4036284,Alofi
7.1574,-5.2257,80.29,20,CI,1615683993,83,80.6,6.91,2280743,Tiébissou
60.3071,54.3241,13.57,100,RU,1615683994,90,13.57,10.63,561698,Gayny
40.1629,-8.3327,50.11,0,PT,1615683994,87,51.01,6.91,2738381,Lata
31.6725,38.6637,46.4,0,SA,1615683994,71,46.4,4.61,101312,Turaif
-11.0964,-77.6139,72.05,1,PE,1615683995,78,72.05,4.25,3939761,Hualmay
-20.0167,148.2333,84.2,75,AU,1615683995,65,84.2,5.75,2174444,Bowen
34.8791,-76.9013,51.62,97,US,1615683995,63,53.01,1.01,4470244,Havelock
41.5388,-8.6151,46.83,20,PT,1615683996,93,48.0,3.47,2742416,Barcelos
43.6702,-7.4101,52.0,100,ES,1615683996,88,52.0,3.0,3125287,Cervo
-45.4167,167.7167,65.77,11,NZ,1615683996,52,65.77,11.79,2181625,Te Anau
-28.7667,114.6,77.0,0,AU,1615683997,31,77.0,29.93,2070998,Geraldton
29.8,72.8667,62.15,0,PK,1615683997,36,62.15,4.43,1181073,Chishtian
-35.1667,173.1667,71.89,0,NZ,1615683998,53,71.89,3.11,2194098,Ahipara
-6.8844,112.2051,80.69,97,ID,1615683998,75,80.69,5.95,8079926,Labuhan
7.9986,124.2928,82.99,85,PH,1615683998,73,82.99,3.0,1701054,Marawi
47.1821,8.4636,35.6,75,CH,1615683999,93,37.99,12.66,2661228,Cham
43.5547,-5.9248,51.82,90,ES,1615683999,93,53.01,11.5,3129135,Avilés
52.6333,29.7333,34.65,100,BY,1615684000,95,34.65,13.2,10722858,Forsytheganj
17.1561,-89.0714,77.07,0,BZ,1615683825,65,78.8,6.91,3581194,San Ignacio
-0.8917,119.8707,76.86,100,ID,1615684000,90,76.86,2.62,1633034,Palu
70.9963,24.6622,24.8,90,NO,1615684000,93,24.8,4.61,779622,Havøysund
58.9564,126.2925,18.55,100,RU,1615684001,83,18.55,7.47,2015179,Tommot
48.0448,40.045,33.8,75,RU,1615684001,75,33.8,11.18,582447,Almaznyy
-3.8004,102.2655,79.36,100,ID,1615684002,72,79.36,3.29,1649150,Bengkulu
-13.6833,48.45,73.71,11,MG,1615684002,92,73.71,3.76,1083724,Ambanja
-3.1019,-60.025,76.12,20,BR,1615684003,94,77.0,2.3,3663517,Manaus
0.6894,32.4214,65.55,77,UG,1615684003,68,65.55,2.17,228227,Namasuba
29.8167,31.05,54.18,0,EG,1615684004,76,55.0,9.22,353219,Madīnat Sittah Uktūbar
28.017,-97.5169,71.55,90,US,1615684004,83,72.0,24.16,4726521,San Patricio
36.3187,49.1678,27.27,79,IR,1615684004,67,27.27,2.89,143748,Alvand
29.1614,16.139,63.07,100,LY,1615684005,32,63.07,18.45,2209055,Waddān
-8.1181,111.8935,80.76,55,ID,1615684005,75,80.76,0.72,1648082,Boyolangu
42.8,93.45,50.68,26,CN,1615684006,30,50.68,6.76,1529484,Kumul
66.1451,-65.7125,-13.47,99,CA,1615684006,98,-13.47,0.69,6096551,Pangnirtung
-13.7,-76.2167,72.81,0,PE,1615684006,88,73.4,8.05,3932145,Pisco
-8.3667,114.15,81.75,100,ID,1615684007,69,81.75,0.65,1644178,Genteng
-33.0393,-71.6273,60.8,75,CL,1615683739,82,60.8,6.91,3868626,Valparaíso
10.5669,72.642,82.87,98,IN,1615684007,68,82.87,6.93,1267390,Kavaratti
56.4234,58.5328,-0.02,82,RU,1615684007,94,-0.02,8.79,580783,Arti
25.45,74.5667,67.57,58,IN,1615684008,36,67.57,1.23,1263917,Māndal
10.2849,22.7882,81.12,24,CF,1615684008,17,81.12,6.93,240210,Birao
-0.6,73.0833,84.13,36,MV,1615684009,66,84.13,9.04,1282256,Hithadhoo
39.1834,-84.5333,43.88,1,US,1615683930,61,46.0,3.04,4513583,Hamilton
32.3174,121.1855,53.01,0,CN,1615684009,78,53.01,7.61,1804979,Juegang
43.2128,-75.4557,31.24,75,US,1615684009,59,32.0,4.61,5134295,Rome
61.15,149.6333,-11.51,0,RU,1615684010,82,-11.51,1.63,2120047,Ust'-Omchug
21.8233,105.2181,72.27,90,VN,1615684010,78,72.27,2.66,1563287,Tuyen Quang
62.6683,131.1683,9.95,100,RU,1615684011,92,9.95,4.07,2026160,Borogontsy
22.9333,57.5333,62.02,0,OM,1615684011,57,62.02,1.05,286987,Nizwá
18.4833,95.5,77.92,0,MM,1615684011,33,77.92,1.9,1300969,Paungde
-28.9833,153.4167,82.26,40,AU,1615684012,65,82.4,9.22,2177254,Bagotville
67.45,153.6833,-13.4,52,RU,1615684012,90,-13.4,3.96,2121025,Srednekolymsk
-12.0432,-77.0282,74.7,0,PE,1615683974,78,75.2,3.44,3936456,Lima
53.9353,139.9242,28.92,22,RU,1615684013,88,28.92,12.95,2019935,Mnogovershinnyy
49.7834,-74.8492,14.0,90,CA,1615683932,92,14.0,5.75,5919850,Chapais
41.24,119.4011,45.95,100,CN,1615683919,57,45.95,8.5,2036075,Lingyuan
40.81,114.8794,42.22,100,CN,1615684014,79,42.22,9.98,2033196,Zhangjiakou
60.3725,93.0408,1.18,99,RU,1615684014,91,1.18,11.81,1492566,Severo-Yeniseyskiy
-38.65,-72.2333,59.0,0,CL,1615684014,88,59.0,4.61,3868210,Vilcún
-13.3128,35.2406,64.2,75,MZ,1615684015,100,64.4,11.5,1043893,Lichinga
-32.25,148.6167,66.2,75,AU,1615684015,82,66.2,10.36,2168305,Dubbo
-35.3333,-72.4167,55.62,17,CL,1615684016,91,55.62,1.3,3893726,Constitución
14.35,121.0167,84.38,75,PH,1615684016,65,84.99,3.44,1688781,City of San Pedro
4.7059,-74.2302,53.6,75,CO,1615684016,94,53.6,5.75,3674292,Mosquera
26.8424,68.123,72.23,0,PK,1615684017,30,72.23,6.22,1169143,Naushahro Firoz
25.5,-76.65,72.07,12,BS,1615684017,78,72.07,16.35,3572462,Dunmore Town
33.194,-82.5271,68.25,1,US,1615684017,77,69.8,3.44,4231997,Avera
12.7525,4.7077,78.91,29,NG,1615684018,16,78.91,7.0,2349431,Sabla
-21.3393,55.4781,73.81,0,RE,1615684018,69,77.0,6.91,935214,Saint-Pierre
-10.6167,150.6667,82.67,100,PG,1615684018,76,82.67,14.47,2132606,Samarai
24.4833,72.7833,70.11,0,IN,1615684019,22,70.11,4.88,1279394,Ābu Road
33.7333,135.9833,50.0,20,JP,1615683908,62,50.0,17.27,1847947,Shingū
-34.9333,138.6,64.54,20,AU,1615684015,42,66.99,10.36,2078025,Adelaide
-14.4667,132.2667,86.0,85,AU,1615684019,66,86.0,4.61,2068655,Katherine
42.5751,-71.9981,32.23,1,US,1615684020,35,33.01,5.01,4937557,Gardner
67.4667,78.7,-16.11,96,RU,1615684020,88,-16.11,10.33,1489853,Tazovsky
49.7502,-77.6328,21.2,75,CA,1615683754,86,21.2,19.57,6067747,Matagami
66.5606,67.7975,6.98,68,RU,1615684021,88,6.98,11.25,1512019,Aksarka
-7.4706,-34.8086,80.6,75,BR,1615684021,74,80.6,9.22,3391889,Pitimbu
7.0419,134.2556,84.2,75,PW,1615684021,74,84.2,5.53,7671223,Kloulklubed
11.2842,49.1816,75.36,0,SO,1615684022,76,75.36,8.55,64013,Bosaso
45.5234,-122.6762,59.77,75,US,1615683882,29,62.6,9.22,5746545,Portland
51.226,-58.6502,19.65,100,CA,1615684022,75,19.65,18.19,6137462,Saint-Augustin
41.9563,42.9566,42.8,0,GE,1615684023,52,42.8,25.32,610864,Khani
-22.2763,166.4572,86.61,75,NC,1615684023,54,87.01,5.75,2139521,Noumea
-35.1,173.7833,73.99,0,NZ,1615684024,54,73.99,5.99,2189343,Kaeo
47.3821,-61.8597,28.4,100,CA,1615683962,69,28.4,28.77,5915327,Cap-aux-Meules
-25.2406,130.9889,66.2,90,AU,1615684024,59,66.2,14.97,6355222,Yulara
3.0372,29.5355,72.5,100,CD,1615684024,47,72.5,3.31,204283,Watsa
5.9485,80.5353,75.25,100,LK,1615684025,87,75.25,7.58,1235846,Matara
-5.8167,13.45,76.46,100,CD,1615684025,98,76.46,2.3,2313002,Matadi
73.5069,80.5464,-22.09,100,RU,1615684025,97,-22.09,16.02,1507390,Dikson
-3.432,10.6554,79.95,100,GA,1615684026,88,79.95,5.35,2399001,Mayumba
20.15,92.9,74.46,0,MM,1615684026,57,74.46,5.82,1295765,Sittwe
64.8945,-23.7142,28.42,100,IS,1615684026,72,28.42,14.34,3414079,Olafsvik
69.2167,-51.1,10.4,100,GL,1615684027,67,10.4,13.8,3423146,Ilulissat
54.0103,103.0544,8.8,100,RU,1615684027,83,8.8,22.41,2027198,Balagansk
65.8481,24.1466,21.2,90,FI,1615684028,93,21.2,1.14,634093,Tornio
41.0002,-115.5012,43.57,1,US,1615684028,20,48.2,11.5,5703673,Elko
-15.3292,28.682,62.67,10,ZM,1615684028,97,62.67,4.41,917688,Chongwe
20.7147,-77.9956,73.83,0,CU,1615684029,73,73.83,17.34,3537840,Santa Cruz del Sur
-26.6481,15.1594,66.9,0,NA,1615684007,73,66.9,9.75,3355672,Lüderitz
15.1801,102.2569,77.07,0,TH,1615684029,100,82.0,4.61,1608136,Non Sung
35.1333,140.3,59.63,44,JP,1615684030,50,61.0,4.0,2112309,Katsuura
45.0205,-93.218,50.07,1,US,1615684030,43,52.0,4.61,5044290,Saint Anthony
1.0,-52.0,72.25,100,BR,1615684030,98,72.25,2.21,3407762,Amapá
-22.9575,14.5053,62.8,13,NA,1615684031,88,63.0,4.61,3359638,Walvis Bay
-11.2061,13.8437,78.96,17,AO,1615683858,90,78.96,7.74,3346015,Sumbe
41.1911,40.9875,44.6,40,TR,1615684031,61,44.6,9.22,751949,Ardeşen
-5.6667,132.75,83.16,77,ID,1615684032,72,83.16,8.7,1623197,Tual
-0.9131,122.8766,82.08,89,ID,1615684032,71,82.08,1.74,1637001,Biak
10.9995,122.6711,80.89,48,PH,1615684033,81,80.89,5.08,1714733,Dingle
-34.6132,-58.3772,73.42,0,AR,1615684017,64,75.0,10.36,3435910,Buenos Aires
59.7654,60.0085,10.89,100,RU,1615684033,87,10.89,7.09,1504343,Karpinsk
-9.7667,37.9333,69.1,98,TZ,1615684033,98,69.1,2.55,155921,Liwale
-34.6833,150.8667,60.24,100,AU,1615684034,93,63.0,1.99,2161515,Kiama
13.5928,-89.8275,73.99,36,SV,1615684034,94,73.99,1.01,3587498,Acajutla
-15.5333,167.1667,83.26,100,VU,1615684034,76,83.26,5.17,2136150,Luganville
3.5167,15.05,70.57,100,CM,1615684036,92,70.57,3.44,2220853,Yokadouma
33.3597,129.5531,57.43,75,JP,1615684036,87,61.0,4.61,1862555,Hirado
36.6177,-121.9166,51.48,0,US,1615684037,77,52.0,8.01,5380437,Pacific Grove
-19.8,-63.2167,68.83,78,BO,1615684037,86,68.83,3.27,3921141,Charagua
54.421,16.4107,39.99,100,PL,1615684037,90,39.99,22.35,3100637,Darłowo
38.6103,-89.3726,53.56,100,US,1615684038,56,54.0,1.99,4235229,Carlyle
-51.6226,-69.2181,48.2,0,AR,1615684038,49,48.2,4.61,3838859,Río Gallegos
2.7746,32.299,69.4,35,UG,1615684038,48,69.4,4.25,233346,Gulu
44.3833,28.65,33.91,75,RO,1615684039,100,34.0,4.61,680870,Corbu
45.3167,55.2,22.01,2,KZ,1615684039,52,22.01,7.58,610298,Beyneu
57.2586,39.1508,26.6,90,RU,1615684040,80,26.6,8.95,572520,Borisoglebskiy
20.7,-105.2,74.1,20,MX,1615684040,69,75.2,11.5,4004293,Ixtapa
-34.6515,-59.4307,69.01,0,AR,1615683865,59,70.0,4.0,3430708,Mercedes
-31.95,141.4333,57.2,0,AU,1615684040,51,57.2,25.32,2173911,Broken Hill
67.667,12.6934,41.67,100,NO,1615684041,85,41.67,10.33,3137469,Sørland
52.6292,70.4169,-6.65,16,KZ,1615684041,98,-6.65,6.24,1521230,Makīnsk
46.4856,135.8833,35.15,42,RU,1615684042,81,35.15,1.81,2013279,Vostok
51.1,66.3167,-8.48,0,KZ,1615684042,95,-8.48,3.18,1524606,Derzhavīnsk
-17.7333,-149.15,89.6,20,PF,1615684042,62,89.6,4.61,4033557,Tautira
-6.3164,155.4848,83.26,74,PG,1615684043,55,83.26,2.44,2088659,Panguna
-1.95,18.2667,75.25,100,CD,1615684043,84,75.25,4.09,2315417,Inongo
-15.7667,128.7333,87.8,40,AU,1615684043,74,87.8,9.22,2068110,Kununurra
34.9554,-90.0348,63.3,75,US,1615684044,77,64.99,8.05,4430400,Horn Lake
63.8424,-22.4338,24.8,40,IS,1615683981,80,24.8,6.91,3416888,Grindavik
50.2334,-63.5986,19.4,1,CA,1615684044,58,19.4,12.66,5972291,Havre-St-Pierre
71.0357,27.8492,22.42,100,NO,1615683791,85,22.42,5.73,778707,Mehamn
51.3813,1.3862,40.86,100,GB,1615684045,71,43.0,1.99,2643044,Margate
-2.65,10.0,78.96,100,GA,1615684045,90,78.96,4.68,2400547,Gamba
53.7169,-111.7518,47.48,0,CA,1615684046,57,48.2,11.5,6171332,Two Hills
59.3833,143.3,3.6,100,RU,1615684046,52,3.6,2.26,2122605,Okhotsk
48.6499,-53.1147,32.0,100,CA,1615684046,64,32.0,3.44,5905393,Bonavista
50.8448,37.2913,28.4,90,RU,1615684047,100,28.4,4.47,578283,Spornoye
60.1432,-45.2371,26.33,100,GL,1615684047,77,26.33,5.28,3421765,Nanortalik
37.6138,-122.4869,49.62,75,US,1615684047,62,52.0,16.11,5380420,Pacifica
64.5011,-165.4064,10.76,20,US,1615684038,67,10.99,29.93,5870133,Nome
70.8578,29.0864,24.3,100,NO,1615684048,81,24.3,6.98,780687,Berlevåg
15.2,101.1333,82.06,0,TH,1615684048,74,86.0,2.75,1611424,Chai Badan
51.0333,-4.2167,45.32,63,GB,1615684049,82,46.0,8.99,2641434,Northam
53.1406,140.73,35.17,32,RU,1615684049,95,35.17,6.67,2122850,Nikolayevsk-on-Amur
66.7697,123.3711,6.76,97,RU,1615684050,94,6.76,10.92,2012530,Zhigansk
16.0589,-61.7659,75.2,0,GP,1615684050,78,75.2,4.61,3578278,Vieux-Habitants
-16.7,-151.0167,82.89,1,PF,1615684050,72,82.89,12.64,4034496,Fare
-6.2167,149.55,87.35,100,PG,1615684051,65,87.35,8.34,2094746,Kandrian
52.7959,83.5498,-7.6,0,RU,1615684051,71,-7.6,4.47,1498067,Nagornyy
41.9395,-1.4396,49.08,81,ES,1615684052,71,50.0,9.22,6359626,Cortes
53.0452,158.6483,28.4,15,RU,1615684052,64,28.4,11.18,2122104,Petropavlovsk-Kamchatskiy
18.0858,-15.9785,68.0,0,MR,1615684052,77,68.0,9.22,2377450,Nouakchott
-0.3167,102.35,74.44,100,ID,1615684053,95,74.44,2.21,1642773,Japura
-10.1256,-36.1756,77.92,1,BR,1615684053,80,77.92,11.79,3465329,Coruripe
67.8006,130.4114,-10.8,100,RU,1615684053,86,-10.8,2.68,2027042,Batagay-Alyta
40.7333,68.3,32.74,100,KZ,1615684054,53,32.74,20.92,1516595,Zhetysay
20.3433,-77.1167,74.68,0,CU,1615684054,69,74.68,14.97,3547867,Manzanillo
-0.0921,11.9385,74.68,100,GA,1615684055,94,74.68,3.53,2401495,Booué
56.9514,90.6661,1.98,100,RU,1615684055,89,1.98,12.53,1508260,Novobirilyussy
64.1835,-51.7216,14.9,20,GL,1615684055,67,15.8,16.11,3421319,Nuuk
-28.5708,-70.7581,62.11,0,CL,1615683924,78,62.11,1.05,3868633,Vallenar
58.006,39.1772,27.86,100,RU,1615684056,96,27.86,8.19,510442,Pesochnoye
41.2835,-70.0995,37.67,1,US,1615683773,70,37.99,14.97,4944903,Nantucket
47.2538,-1.4843,42.39,0,FR,1615684057,70,42.8,10.36,2980488,Sainte-Luce-sur-Loire
68.2191,-135.0107,-2.2,1,CA,1615684057,60,-2.2,5.75,5882953,Aklavik
28.6585,-17.9182,58.03,75,ES,1615684057,72,64.4,8.05,2514651,Los Llanos de Aridane
-33.5907,22.2014,60.8,20,ZA,1615684058,82,60.8,5.75,967106,Oudtshoorn
-24.32,-46.9983,74.68,39,BR,1615683796,94,74.68,6.78,3454061,Peruíbe
5.65,36.65,67.41,7,ET,1615684058,58,67.41,2.33,333750,Jinka
54.7682,-101.865,30.2,20,CA,1615684059,43,30.2,5.75,5954718,Flin Flon
-36.8167,174.45,72.68,0,NZ,1615684059,59,73.0,7.0,2186363,Muriwai Beach
64.8378,-147.7164,7.18,1,US,1615684059,47,9.0,2.59,5861897,Fairbanks
22.8134,115.8257,69.01,5,CN,1615684060,77,69.01,14.99,1805857,Jieshi
42.2506,-75.833,31.5,1,US,1615684060,34,34.0,9.22,5110365,Broome
-33.0117,17.9442,68.0,99,ZA,1615684061,88,68.0,3.44,3361934,Saldanha
26.3544,127.8686,68.52,75,JP,1615684061,64,69.8,8.05,1863495,Gushikawa
38.7333,-27.0667,59.43,75,PT,1615684061,100,60.01,19.77,3372760,Praia da Vitória
32.2207,-98.2023,68.99,75,US,1615684062,73,69.8,17.27,4734350,Stephenville
36.7763,-2.8146,55.71,0,ES,1615684062,94,55.99,3.44,2518494,El Ejido
-19.8,-174.35,84.2,20,TO,1615684062,65,84.2,4.61,4032369,Pangai
-6.9811,-34.8339,80.6,75,BR,1615684063,74,80.6,9.22,3404558,Cabedelo
64.5635,39.8302,24.8,90,RU,1615684063,93,24.8,2.24,496285,Severodvinsk
38.2779,16.302,49.24,10,IT,1615684064,77,57.2,11.5,6540819,Siderno
7.3711,122.2886,82.4,40,PH,1615684064,83,82.4,4.61,1679776,Vitali
68.75,161.3,-3.64,100,RU,1615684018,94,-3.64,13.67,2126199,Cherskiy
17.4189,121.4443,75.38,84,PH,1615684064,78,75.38,7.56,1684803,Tabuk
32.296,-81.2354,63.23,1,US,1615684065,77,64.0,9.22,4218882,Rincon
67.5662,30.4758,13.73,90,RU,1615684065,95,13.73,4.92,543508,Kovdor
-24.85,152.35,82.4,40,AU,1615684065,65,82.4,9.22,2173323,Bundaberg
4.1178,15.1393,71.06,100,CF,1615684066,92,71.06,4.0,2386756,Gamboula
22.9036,-83.1592,71.73,0,CU,1615684066,82,71.73,11.52,3567995,Bahía Honda
62.1215,39.3192,30.27,100,RU,1615684067,95,30.27,10.22,545467,Konëvo
-15.1961,12.1522,74.21,100,AO,1615683985,82,74.21,7.25,3347019,Mossamedes
21.3167,103.9,68.41,91,VN,1615684067,80,68.41,3.47,1567681,Son La
26.557,31.6948,55.4,0,EG,1615684067,58,55.4,6.91,347796,Sohag
40.7072,140.5894,39.27,75,JP,1615684068,100,43.0,2.3,2129005,Namioka
36.0998,0.4206,52.02,0,DZ,1615684068,83,52.02,5.57,2487130,Sidi Ali
11.1342,2.9386,78.08,94,BJ,1615684068,22,78.08,5.1,2393693,Kandi
18.7333,-103.6833,80.6,1,MX,1615684069,41,80.6,6.91,4013679,Coahuayana Viejo
54.7183,135.315,35.94,100,RU,1615684069,79,35.94,17.34,2025256,Chumikan
-4.83,29.6581,69.8,20,TZ,1615683860,94,69.8,4.21,153709,Mwandiga
39.2446,55.5154,21.85,0,TM,1615684070,74,21.85,7.23,161974,Bereket
30.7554,20.2263,61.39,100,LY,1615684070,34,61.39,11.39,89113,Ajdabiya
48.5999,-93.4003,35.35,1,CA,1615684028,48,35.6,4.61,5955826,Fort Frances
4.25,-54.3833,72.23,18,GF,1615684071,98,72.23,2.44,3381538,Grand-Santi
50.7833,121.5167,30.24,30,CN,1615684071,81,30.24,5.46,2037252,Genhe
68.3065,-53.4641,13.64,100,GL,1615684071,87,13.64,15.28,3422683,Kangaatsiaq
14.997,102.6475,76.98,0,TH,1615684072,100,82.0,4.61,1610652,Huai Thalaeng
-32.5,137.7667,64.11,75,AU,1615684072,55,64.4,14.97,2063056,Port Augusta
-25.1667,46.0833,74.23,8,MG,1615684039,79,74.23,17.87,1079048,Ambovombe
-2.9248,-39.9167,77.67,88,BR,1615684073,85,77.67,7.81,3393692,Itarema
66.0449,-17.3389,21.2,0,IS,1615684073,79,21.2,9.22,2629833,Husavik
0.5333,72.9333,83.37,48,MV,1615684073,71,83.37,7.87,1337610,Thinadhoo
28.3667,129.4833,66.2,75,JP,1615684074,63,66.2,10.36,1855540,Naze
50.5994,97.5228,-3.26,72,RU,1615684074,75,-3.26,14.45,1501377,Kungurtug
58.6147,5.6457,36.34,74,NO,1615684075,95,37.99,10.74,3132644,Varhaug
-3.0091,114.3876,77.0,40,ID,1615684075,94,77.0,4.61,1639304,Kualakapuas
69.1989,33.4478,21.2,75,RU,1615684075,86,21.2,6.71,506763,Polyarny
-13.8483,136.4192,86.0,10,AU,1615684076,70,86.0,5.75,2079582,Alyangula
56.9064,118.2631,21.07,100,RU,1615684076,94,21.07,3.98,2025630,Chara
40.5982,-124.1573,49.73,90,US,1615684077,76,51.01,12.66,5563839,Fortuna
-3.4019,38.364,59.92,1,KE,1615684077,89,59.92,2.57,178073,Wundanyi
47.2922,-2.364,45.16,0,FR,1615684078,66,46.4,12.66,3019766,La Baule-Escoublac
-23.7,133.8833,59.0,90,AU,1615684078,100,59.0,11.5,2077895,Alice Springs
22.9167,93.6833,61.59,0,MM,1615684078,54,61.59,3.4,1326105,Falam
47.4334,-72.7824,21.2,100,CA,1615684079,53,21.2,4.61,6050416,La Tuque
24.2833,76.2333,70.07,0,IN,1615684079,35,70.07,4.36,1277699,Bakāni
36.8529,-75.978,45.36,75,US,1615684027,61,46.4,5.75,4791259,Virginia Beach
16.7333,82.2167,77.0,59,IN,1615684080,78,77.0,3.44,1252795,Yanam
9.0833,3.85,79.25,100,NG,1615684080,62,79.25,5.17,2334327,Kisi
64.6833,24.4833,25.79,90,FI,1615684080,93,26.6,2.3,640276,Raahe
44.396,7.8176,40.77,2,IT,1615684081,75,46.99,6.91,3173162,Mondovì
53.0667,132.9667,33.22,100,RU,1615684081,90,33.22,5.95,2024461,Ekimchan
63.9333,31.65,29.07,100,RU,1615684082,96,29.07,6.6,524100,Muyezerskiy
1.6381,18.0667,73.29,100,CG,1615684082,84,73.29,2.73,2259655,Impfondo
-23.865,35.3833,75.06,41,MZ,1615684082,82,75.06,9.53,1045114,Inhambane
21.3469,-158.0858,73.78,90,US,1615684083,78,75.0,9.22,5850554,Makakilo City
10.4795,16.7117,85.73,44,TD,1615684083,27,85.73,4.54,2434584,Bousso
-10.0681,-78.1522,72.86,1,PE,1615684083,77,72.86,6.51,3939168,Huarmey
31.3382,-94.7291,72.28,40,US,1615683882,73,73.4,8.05,4708308,Lufkin
54.7169,-113.2854,43.75,72,CA,1615684013,49,44.6,10.36,5887916,Athabasca
-1.8283,-44.8683,73.96,34,BR,1615684084,96,73.96,2.62,3401148,Cururupu
35.3029,37.1841,47.1,100,SY,1615684086,71,47.1,3.24,172515,Abu Samrah
31.8111,121.655,54.68,0,CN,1615684086,69,57.0,4.0,1806840,Huilong
-9.4333,159.95,83.61,96,SB,1615684031,72,83.61,2.93,2108502,Honiara
67.6803,53.1512,3.97,88,RU,1615684087,96,3.97,8.7,866062,Iskateley
-33.6167,-70.9167,67.6,0,CL,1615683848,63,69.01,11.5,3876685,Peñaflor
5.8808,-10.0467,77.0,75,LR,1615684083,94,77.0,7.92,2278158,Buchanan
31.7566,13.9942,57.24,99,LY,1615684088,59,57.24,10.67,2218840,Bani Walid
41.3114,-105.5911,26.37,90,US,1615684051,80,27.0,17.27,5830062,Laramie
61.67,96.37,3.58,100,RU,1615684088,89,3.58,11.92,1510689,Baykit
-16.9167,145.7667,88.02,75,AU,1615684019,62,90.0,8.05,2172797,Cairns
42.1584,-72.3287,34.59,40,US,1615684089,35,36.0,8.05,4946620,Palmer
24.5557,-81.7826,73.04,1,US,1615683920,64,73.4,8.05,4160812,Key West
38.8876,-76.5119,43.05,1,US,1615684089,42,46.4,6.02,4362001,Mayo
55.9178,36.8642,28.4,90,RU,1615684090,86,28.4,11.18,555746,Istra
-29.6842,-53.8069,69.8,0,BR,1615683832,78,69.8,2.3,3450083,Santa Maria
55.0425,21.677,37.63,85,RU,1615684090,90,37.63,9.57,492112,Slavsk
-17.0,145.4333,86.0,75,AU,1615684091,62,90.0,8.05,2158767,Mareeba
3.4836,34.1492,67.96,0,UG,1615684091,51,67.96,9.28,233093,Kaabong
7.2424,-70.7324,80.6,100,VE,1615684092,61,80.6,5.75,3804949,Guasdualito
24.8,125.2833,68.74,75,JP,1615684038,64,69.8,8.05,1862505,Hirara
61.9353,5.1136,40.24,90,NO,1615684092,81,41.0,20.71,3146487,Måløy
61.3833,152.75,-9.06,34,RU,1615684010,85,-9.06,1.83,2120769,Talaya
15.7432,-96.4661,80.6,40,MX,1615684093,69,80.6,5.75,3517970,Pochutla
-9.8756,-56.0861,71.37,100,BR,1615684093,93,71.37,1.88,6316343,Alta Floresta
